Date,Grid_1AM_MW
2013-01-01,149
2013-01-02,126
2013-01-03,133
2013-01-04,124
2013-01-05,130
2013-01-06,134
2013-01-07,123
2013-01-08,132
2013-01-09,112
2013-01-10,125
2013-01-11,118
2013-01-12,126
2013-01-13,133
2013-01-14,138
2013-01-15,134
2013-01-16,131
2013-01-17,114
2013-01-18,127
2013-01-19,114
2013-01-20,91
2013-01-21,103
2013-01-22,122
2013-01-23,114
2013-01-24,124
2013-01-25,121
2013-01-26,112
2013-01-27,122
2013-01-28,120
2013-01-29,122
2013-01-30,120
2013-01-31,118
2013-02-01,121
2013-02-02,125
2013-02-03,122
2013-02-04,121
2013-02-05,130
2013-02-06,126
2013-02-07,135
2013-02-08,125
2013-02-09,131
2013-02-10,126
2013-02-11,129
2013-02-12,133
2013-02-13,126
2013-02-14,132
2013-02-15,136
2013-02-16,121
2013-02-17,125
2013-02-18,134
2013-02-19,130
2013-02-20,120
2013-02-21,116
2013-02-22,124
2013-02-23,130
2013-02-24,132
2013-02-25,128
2013-02-26,122
2013-02-27,121
2013-02-28,126
2013-03-01,123
2013-03-02,129
2013-03-03,129
2013-03-04,126
2013-03-05,126
2013-03-06,126
2013-03-07,128
2013-03-08,120
2013-03-09,119
2013-03-10,129
2013-03-11,127
2013-03-12,132
2013-03-13,132
2013-03-14,139
2013-03-15,135
2013-03-16,134
2013-03-17,134
2013-03-18,136
2013-03-19,140
2013-03-20,136
2013-03-21,136
2013-03-22,141
2013-03-23,141
2013-03-24,140
2013-03-25,131
2013-03-26,142
2013-03-27,145
2013-03-28,136
2013-03-29,130
2013-03-30,132
2013-03-31,145
2013-04-01,139
2013-04-02,143
2013-04-03,148
2013-04-04,148
2013-04-05,143
2013-04-06,152
2013-04-07,157
2013-04-08,153
2013-04-09,149
2013-04-10,144
2013-04-11,141
2013-04-12,143
2013-04-13,147
2013-04-14,150
2013-04-15,145
2013-04-16,149
2013-04-17,142
2013-04-18,144
2013-04-19,147
2013-04-20,153
2013-04-21,142
2013-04-22,139
2013-04-23,149
2013-04-24,155
2013-04-25,153
2013-04-26,157
2013-04-27,152
2013-04-28,144
2013-04-29,150
2013-04-30,157
2013-05-01,146
2013-05-02,154
2013-05-03,154
2013-05-04,157
2013-05-05,157
2013-05-06,143
2013-05-07,158
2013-05-08,158
2013-05-09,152
2013-05-10,149
2013-05-11,157
2013-05-12,156
2013-05-13,143
2013-05-14,150
2013-05-15,154
2013-05-16,159
2013-05-17,156
2013-05-18,159
2013-05-19,153
2013-05-20,155
2013-05-21,152
2013-05-22,153
2013-05-23,160
2013-05-24,153
2013-05-25,148
2013-05-26,149
2013-05-27,151
2013-05-28,151
2013-05-29,143
2013-05-30,147
2013-05-31,146
2013-06-01,142
2013-06-02,149
2013-06-03,149
2013-06-04,153
2013-06-05,151
2013-06-06,143
2013-06-07,143
2013-06-08,140
2013-06-09,140
2013-06-10,140
2013-06-11,144
2013-06-12,148
2013-06-13,141
2013-06-14,139
2013-06-15,144
2013-06-16,136
2013-06-17,135
2013-06-18,132
2013-06-19,140
2013-06-20,144
2013-06-21,145
2013-06-22,149
2013-06-23,148
2013-06-24,143
2013-06-25,148
2013-06-26,143
2013-06-27,147
2013-06-28,149
2013-06-29,125
2013-06-30,127
2013-07-01,140
2013-07-02,149
2013-07-03,135
2013-07-04,143
2013-07-05,139
2013-07-06,143
2013-07-07,141
2013-07-08,137
2013-07-09,139
2013-07-10,150
2013-07-11,145
2013-07-12,147
2013-07-13,148
2013-07-14,147
2013-07-15,144
2013-07-16,141
2013-07-17,143
2013-07-18,147
2013-07-19,146
2013-07-20,133
2013-07-21,140
2013-07-22,133
2013-07-23,130
2013-07-24,138
2013-07-25,139
2013-07-26,153
2013-07-27,150
2013-07-28,145
2013-07-29,138
2013-07-30,136
2013-07-31,139
2013-08-01,145
2013-08-02,147
2013-08-03,152
2013-08-04,136
2013-08-05,138
2013-08-06,146
2013-08-07,144
2013-08-08,145
2013-08-09,138
2013-08-10,142
2013-08-11,147
2013-08-12,146
2013-08-13,147
2013-08-14,146
2013-08-15,149
2013-08-16,151
2013-08-17,152
2013-08-18,152
2013-08-19,148
2013-08-20,148
2013-08-21,152
2013-08-22,148
2013-08-23,141
2013-08-24,147
2013-08-25,130
2013-08-26,122
2013-08-27,130
2013-08-28,141
2013-08-29,140
2013-08-30,138
2013-08-31,142
2013-09-01,145
2013-09-02,145
2013-09-03,150
2013-09-04,144
2013-09-05,136
2013-09-06,133
2013-09-07,143
2013-09-08,139
2013-09-09,146
2013-09-10,140
2013-09-11,139
2013-09-12,144
2013-09-13,140
2013-09-14,150
2013-09-15,149
2013-09-16,156
2013-09-17,143
2013-09-18,150
2013-09-19,152
2013-09-20,155
2013-09-21,134
2013-09-22,144
2013-09-23,145
2013-09-24,160
2013-09-25,154
2013-09-26,145
2013-09-27,154
2013-09-28,155
2013-09-29,147
2013-09-30,152
2013-10-01,148
2013-10-02,137
2013-10-03,150
2013-10-04,149
2013-10-05,150
2013-10-06,147
2013-10-07,145
2013-10-08,145
2013-10-09,139
2013-10-10,146
2013-10-11,145
2013-10-12,148
2013-10-13,146
2013-10-14,147
2013-10-15,144
2013-10-16,141
2013-10-17,149
2013-10-18,137
2013-10-19,146
2013-10-20,137
2013-10-21,138
2013-10-22,141
2013-10-23,138
2013-10-24,139
2013-10-25,133
2013-10-26,137
2013-10-27,136
2013-10-28,139
2013-10-29,135
2013-10-30,131
2013-10-31,130
2013-11-01,119
2013-11-02,125
2013-11-03,130
2013-11-04,131
2013-11-05,131
2013-11-06,141
2013-11-07,137
2013-11-08,85
2013-11-09,0
2013-11-10,0
2013-11-11,0
2013-11-12,0
2013-11-13,0
2013-11-14,0
2013-11-15,0
2013-11-16,0
2013-11-17,0
2013-11-18,0
2013-11-19,0
2013-11-20,0
2013-11-21,0
2013-11-22,0
2013-11-23,0
2013-11-24,0
2013-11-25,3
2013-11-26,12
2013-11-27,13
2013-11-28,12
2013-11-29,15
2013-11-30,18
2013-12-01,20
2013-12-02,31
2013-12-03,31
2013-12-04,30
2013-12-05,34
2013-12-06,31
2013-12-07,34
2013-12-08,34
2013-12-09,36
2013-12-10,34
2013-12-11,34
2013-12-12,34
2013-12-13,35
2013-12-14,36
2013-12-15,39
2013-12-16,37
2013-12-17,38
2013-12-18,39
2013-12-19,37
2013-12-20,34
2013-12-21,44
2013-12-22,41
2013-12-23,40
2013-12-24,43
2013-12-25,46
2013-12-26,39
2013-12-27,43
2013-12-28,25
2013-12-29,25
2013-12-30,24
2013-12-31,41
2014-01-01,55
2014-01-02,44
2014-01-03,48
2014-01-04,47
2014-01-05,47
2014-01-06,49
2014-01-07,51
2014-01-08,51
2014-01-09,53
2014-01-10,53
2014-01-11,48
2014-01-12,49
2014-01-13,36
2014-01-14,39
2014-01-15,42
2014-01-16,41
2014-01-17,39
2014-01-18,42
2014-01-19,43
2014-01-20,37
2014-01-21,41
2014-01-22,43
2014-01-23,44
2014-01-24,43
2014-01-25,43
2014-01-26,43
2014-01-27,41
2014-01-28,46
2014-01-29,45
2014-01-30,48
2014-01-31,47
2014-02-01,26
2014-02-02,50
2014-02-03,51
2014-02-04,58
2014-02-05,57
2014-02-06,58
2014-02-07,65
2014-02-08,59
2014-02-09,57
2014-02-10,58
2014-02-11,60
2014-02-12,61
2014-02-13,55
2014-02-14,54
2014-02-15,52
2014-02-16,56
2014-02-17,59
2014-02-18,56
2014-02-19,54
2014-02-20,58
2014-02-21,59
2014-02-22,56
2014-02-23,54
2014-02-24,52
2014-02-25,59
2014-02-26,63
2014-02-27,64
2014-02-28,60
2014-03-01,63
2014-03-02,65
2014-03-03,62
2014-03-04,61
2014-03-05,67
2014-03-06,70
2014-03-07,67
2014-03-08,75
2014-03-09,75
2014-03-10,77
2014-03-11,80
2014-03-12,84
2014-03-13,84
2014-03-14,84
2014-03-15,78
2014-03-16,83
2014-03-17,80
2014-03-18,86
2014-03-19,85
2014-03-20,91
2014-03-21,90
2014-03-22,92
2014-03-23,81
2014-03-24,78
2014-03-25,85
2014-03-26,90
2014-03-27,91
2014-03-28,93
2014-03-29,99
2014-03-30,96
2014-03-31,95
2014-04-01,103
2014-04-02,102
2014-04-03,101
2014-04-04,102
2014-04-05,104
2014-04-06,105
2014-04-07,105
2014-04-08,103
2014-04-09,104
2014-04-10,103
2014-04-11,106
2014-04-12,73
2014-04-13,92
2014-04-14,99
2014-04-15,94
2014-04-16,90
2014-04-17,98
2014-04-18,99
2014-04-19,99
2014-04-20,110
2014-04-21,105
2014-04-22,110
2014-04-23,109
2014-04-24,116
2014-04-25,117
2014-04-26,118
2014-04-27,121
2014-04-28,119
2014-04-29,120
2014-04-30,121
2014-05-01,122
2014-05-02,121
2014-05-03,124
2014-05-04,129
2014-05-05,120
2014-05-06,112
2014-05-07,112
2014-05-08,117
2014-05-09,122
2014-05-10,129
2014-05-11,122
2014-05-12,125
2014-05-13,126
2014-05-14,126
2014-05-15,128
2014-05-16,129
2014-05-17,128
2014-05-18,129
2014-05-19,125
2014-05-20,130
2014-05-21,137
2014-05-22,130
2014-05-23,131
2014-05-24,130
2014-05-25,130
2014-05-26,129
2014-05-27,133
2014-05-28,124
2014-05-29,135
2014-05-30,129
2014-05-31,129
2014-06-01,127
2014-06-02,125
2014-06-03,134
2014-06-04,132
2014-06-05,130
2014-06-06,127
2014-06-07,129
2014-06-08,119
2014-06-09,131
2014-06-10,134
2014-06-11,136
2014-06-12,131
2014-06-13,134
2014-06-14,126
2014-06-15,133
2014-06-16,121
2014-06-17,132
2014-06-18,124
2014-06-19,121
2014-06-20,126
2014-06-21,128
2014-06-22,119
2014-06-23,122
2014-06-24,127
2014-06-25,131
2014-06-26,112
2014-06-27,107
2014-06-28,124
2014-06-29,126
2014-06-30,113
2014-07-01,113
2014-07-02,118
2014-07-03,111
2014-07-04,114
2014-07-05,121
2014-07-06,120
2014-07-07,118
2014-07-08,121
2014-07-09,124
2014-07-10,126
2014-07-11,123
2014-07-12,127
2014-07-13,121
2014-07-14,128
2014-07-15,116
2014-07-16,85
2014-07-17,106
2014-07-18,115
2014-07-19,118
2014-07-20,102
2014-07-21,92
2014-07-22,109
2014-07-23,110
2014-07-24,119
2014-07-25,117
2014-07-26,116
2014-07-27,103
2014-07-28,102
2014-07-29,113
2014-07-30,113
2014-07-31,114
2014-08-01,123
2014-08-02,120
2014-08-03,128
2014-08-04,123
2014-08-05,123
2014-08-06,122
2014-08-07,124
2014-08-08,127
2014-08-09,127
2014-08-10,120
2014-08-11,122
2014-08-12,118
2014-08-13,129
2014-08-14,124
2014-08-15,124
2014-08-16,114
2014-08-17,117
2014-08-18,120
2014-08-19,115
2014-08-20,119
2014-08-21,118
2014-08-22,112
2014-08-23,122
2014-08-24,121
2014-08-25,122
2014-08-26,100
2014-08-27,114
2014-08-28,112
2014-08-29,111
2014-08-30,119
2014-08-31,120
2014-09-01,112
2014-09-02,108
2014-09-03,107
2014-09-04,104
2014-09-05,111
2014-09-06,110
2014-09-07,122
2014-09-08,121
2014-09-09,105
2014-09-10,113
2014-09-11,120
2014-09-12,124
2014-09-13,122
2014-09-14,108
2014-09-15,116
2014-09-16,113
2014-09-17,125
2014-09-18,77
2014-09-19,73
2014-09-20,113
2014-09-21,123
2014-09-22,116
2014-09-23,117
2014-09-24,115
2014-09-25,118
2014-09-26,114
2014-09-27,119
2014-09-28,121
2014-09-29,126
2014-09-30,120
2014-10-01,126
2014-10-02,125
2014-10-03,125
2014-10-04,123
2014-10-05,116
2014-10-06,102
2014-10-07,105
2014-10-08,113
2014-10-09,108
2014-10-10,103
2014-10-11,117
2014-10-12,117
2014-10-13,116
2014-10-14,119
2014-10-15,114
2014-10-16,111
2014-10-17,105
2014-10-18,116
2014-10-19,119
2014-10-20,120
2014-10-21,122
2014-10-22,121
2014-10-23,121
2014-10-24,110
2014-10-25,117
2014-10-26,122
2014-10-27,122
2014-10-28,118
2014-10-29,124
2014-10-30,118
2014-10-31,115
2014-11-01,123
2014-11-02,119
2014-11-03,112
2014-11-04,121
2014-11-05,124
2014-11-06,117
2014-11-07,116
2014-11-08,118
2014-11-09,123
2014-11-10,122
2014-11-11,119
2014-11-12,120
2014-11-13,122
2014-11-14,120
2014-11-15,108
2014-11-16,117
2014-11-17,126
2014-11-18,125
2014-11-19,128
2014-11-20,128
2014-11-21,125
2014-11-22,129
2014-11-23,127
2014-11-24,131
2014-11-25,130
2014-11-26,127
2014-11-27,104
2014-11-28,119
2014-11-29,128
2014-11-30,111
2014-12-01,115
2014-12-02,109
2014-12-03,116
2014-12-04,125
2014-12-05,125
2014-12-06,99
2014-12-07,4
2014-12-08,4
2014-12-09,19
2014-12-10,55
2014-12-11,62
2014-12-12,76
2014-12-13,88
2014-12-14,88
2014-12-15,91
2014-12-16,104
2014-12-17,106
2014-12-18,100
2014-12-19,103
2014-12-20,112
2014-12-21,114
2014-12-22,116
2014-12-23,118
2014-12-24,127
2014-12-25,132
2014-12-26,112
2014-12-27,122
2014-12-28,119
2014-12-29,108
2014-12-30,87
2014-12-31,107
2015-01-01,129
2015-01-02,111
2015-01-03,105
2015-01-04,103
2015-01-05,108
2015-01-06,113
2015-01-07,106
2015-01-08,109
2015-01-09,109
2015-01-10,103
2015-01-11,106
2015-01-12,106
2015-01-13,95
2015-01-14,99
2015-01-15,109
2015-01-16,110
2015-01-17,103
2015-01-18,77
2015-01-19,90
2015-01-20,101
2015-01-21,107
2015-01-22,113
2015-01-23,115
2015-01-24,105
2015-01-25,106
2015-01-26,108
2015-01-27,111
2015-01-28,114
2015-01-29,115
2015-01-30,118
2015-01-31,112
2015-02-01,102
2015-02-02,105
2015-02-03,104
2015-02-04,106
2015-02-05,107
2015-02-06,106
2015-02-07,113
2015-02-08,115
2015-02-09,94
2015-02-10,110
2015-02-11,114
2015-02-12,109
2015-02-13,83
2015-02-14,81
2015-02-15,76
2015-02-16,110
2015-02-17,108
2015-02-18,111
2015-02-19,64
2015-02-20,116
2015-02-21,108
2015-02-22,112
2015-02-23,106
2015-02-24,110
2015-02-25,115
2015-02-26,121
2015-02-27,121
2015-02-28,117
2015-03-01,128
2015-03-02,121
2015-03-03,117
2015-03-04,117
2015-03-05,114
2015-03-06,123
2015-03-07,120
2015-03-08,119
2015-03-09,110
2015-03-10,110
2015-03-11,110
2015-03-12,115
2015-03-13,108
2015-03-14,119
2015-03-15,114
2015-03-16,107
2015-03-17,106
2015-03-18,110
2015-03-19,122
2015-03-20,122
2015-03-21,125
2015-03-22,124
2015-03-23,123
2015-03-24,121
2015-03-25,120
2015-03-26,123
2015-03-27,117
2015-03-28,120
2015-03-29,126
2015-03-30,123
2015-03-31,121
2015-04-01,123
2015-04-02,122
2015-04-03,122
2015-04-04,119
2015-04-05,124
2015-04-06,122
2015-04-07,120
2015-04-08,121
2015-04-09,122
2015-04-10,124
2015-04-11,122
2015-04-12,125
2015-04-13,128
2015-04-14,128
2015-04-15,123
2015-04-16,118
2015-04-17,118
2015-04-18,118
2015-04-19,114
2015-04-20,115
2015-04-21,114
2015-04-22,112
2015-04-23,114
2015-04-24,117
2015-04-25,109
2015-04-26,106
2015-04-27,109
2015-04-28,110
2015-04-29,114
2015-04-30,109
2015-05-01,110
2015-05-02,110
2015-05-03,103
2015-05-04,101
2015-05-05,107
2015-05-06,108
2015-05-07,112
2015-05-08,111
2015-05-09,112
2015-05-10,109
2015-05-11,111
2015-05-12,117
2015-05-13,114
2015-05-14,113
2015-05-15,112
2015-05-16,115
2015-05-17,114
2015-05-18,107
2015-05-19,111
2015-05-20,115
2015-05-21,119
2015-05-22,122
2015-05-23,118
2015-05-24,117
2015-05-25,118
2015-05-26,119
2015-05-27,118
2015-05-28,116
2015-05-29,121
2015-05-30,118
2015-05-31,119
2015-06-01,106
2015-06-02,110
2015-06-03,116
2015-06-04,114
2015-06-05,112
2015-06-06,115
2015-06-07,113
2015-06-08,114
2015-06-09,117
2015-06-10,115
2015-06-11,115
2015-06-12,115
2015-06-13,115
2015-06-14,108
2015-06-15,98
2015-06-16,110
2015-06-17,110
2015-06-18,110
2015-06-19,97
2015-06-20,95
2015-06-21,92
2015-06-22,99
2015-06-23,104
2015-06-24,103
2015-06-25,94
2015-06-26,107
2015-06-27,98
2015-06-28,106
2015-06-29,91
2015-06-30,98
2015-07-01,99
2015-07-02,100
2015-07-03,101
2015-07-04,100
2015-07-05,100
2015-07-06,104
2015-07-07,109
2015-07-08,116
2015-07-09,118
2015-07-10,112
2015-07-11,109
2015-07-12,117
2015-07-13,119
2015-07-14,125
2015-07-15,124
2015-07-16,125
2015-07-17,133
2015-07-18,130
2015-07-19,130
2015-07-20,123
2015-07-21,128
2015-07-22,133
2015-07-23,122
2015-07-24,122
2015-07-25,117
2015-07-26,113
2015-07-27,111
2015-07-28,107
2015-07-29,116
2015-07-30,129
2015-07-31,119
2015-08-01,111
2015-08-02,112
2015-08-03,115
2015-08-04,126
2015-08-05,134
2015-08-06,136
2015-08-07,139
2015-08-08,138
2015-08-09,132
2015-08-10,139
2015-08-11,147
2015-08-12,137
2015-08-13,135
2015-08-14,120
2015-08-15,126
2015-08-16,121
2015-08-17,117
2015-08-18,126
2015-08-19,138
2015-08-20,144
2015-08-21,141
2015-08-22,135
2015-08-23,141
2015-08-24,147
2015-08-25,130
2015-08-26,128
2015-08-27,131
2015-08-28,127
2015-08-29,132
2015-08-30,149
2015-08-31,149
2015-09-01,148
2015-09-02,146
2015-09-03,154
2015-09-04,154
2015-09-05,152
2015-09-06,151
2015-09-07,152
2015-09-08,141
2015-09-09,141
2015-09-10,151
2015-09-11,149
2015-09-12,131
2015-09-13,134
2015-09-14,126
2015-09-15,130
2015-09-16,134
2015-09-17,125
2015-09-18,122
2015-09-19,130
2015-09-20,125
2015-09-21,138
2015-09-22,140
2015-09-23,131
2015-09-24,129
2015-09-25,136
2015-09-26,145
2015-09-27,155
2015-09-28,155
2015-09-29,154
2015-09-30,155
2015-10-01,139
2015-10-02,144
2015-10-03,150
2015-10-04,150
2015-10-05,139
2015-10-06,139
2015-10-07,140
2015-10-08,146
2015-10-09,146
2015-10-10,149
2015-10-11,155
2015-10-12,149
2015-10-13,145
2015-10-14,148
2015-10-15,138
2015-10-16,140
2015-10-17,148
2015-10-18,158
2015-10-19,164
2015-10-20,169
2015-10-21,171
2015-10-22,162
2015-10-23,156
2015-10-24,155
2015-10-25,153
2015-10-26,153
2015-10-27,159
2015-10-28,163
2015-10-29,153
2015-10-30,157
2015-10-31,154
2015-11-01,150
2015-11-02,141
2015-11-03,147
2015-11-04,155
2015-11-05,156
2015-11-06,154
2015-11-07,143
2015-11-08,141
2015-11-09,146
2015-11-10,150
2015-11-11,148
2015-11-12,154
2015-11-13,158
2015-11-14,159
2015-11-15,158
2015-11-16,158
2015-11-17,151
2015-11-18,150
2015-11-19,147
2015-11-20,136
2015-11-21,128
2015-11-22,120
2015-11-23,119
2015-11-24,125
2015-11-25,123
2015-11-26,124
2015-11-27,119
2015-11-28,126
2015-11-29,110
2015-11-30,105
2015-12-01,109
2015-12-02,116
2015-12-03,120
2015-12-04,120
2015-12-05,116
2015-12-06,109
2015-12-07,115
2015-12-08,112
2015-12-09,116
2015-12-10,112
2015-12-11,112
2015-12-12,113
2015-12-13,119
2015-12-14,113
2015-12-15,90
2015-12-16,109
2015-12-17,111
2015-12-18,101
2015-12-19,91
2015-12-20,95
2015-12-21,97
2015-12-22,101
2015-12-23,91
2015-12-24,93
2015-12-25,108
2015-12-26,95
2015-12-27,101
2015-12-28,104
2015-12-29,98
2015-12-30,96
2015-12-31,102
2016-01-01,116
2016-01-02,103
2016-01-03,103
2016-01-04,103
2016-01-05,100
2016-01-06,107
2016-01-07,102
2016-01-08,108
2016-01-09,114
2016-01-10,114
2016-01-11,107
2016-01-12,122
2016-01-13,127
2016-01-14,119
2016-01-15,124
2016-01-16,121
2016-01-17,120
2016-01-18,120
2016-01-19,129
2016-01-20,126
2016-01-21,131
2016-01-22,138
2016-01-23,132
2016-01-24,130
2016-01-25,134
2016-01-26,108
2016-01-27,122
2016-01-28,111
2016-01-29,117
2016-01-30,130
2016-01-31,137
2016-02-01,131
2016-02-02,121
2016-02-03,118
2016-02-04,125
2016-02-05,129
2016-02-06,127
2016-02-07,136
2016-02-08,133
2016-02-09,130
2016-02-10,134
2016-02-11,135
2016-02-12,133
2016-02-13,137
2016-02-14,145
2016-02-15,137
2016-02-16,141
2016-02-17,130
2016-02-18,118
2016-02-19,120
2016-02-20,131
2016-02-21,126
2016-02-22,134
2016-02-23,133
2016-02-24,135
2016-02-25,129
2016-02-26,129
2016-02-27,127
2016-02-28,126
2016-02-29,127
2016-03-01,141
2016-03-02,136
2016-03-03,134
2016-03-04,140
2016-03-05,137
2016-03-06,145
2016-03-07,141
2016-03-08,139
2016-03-09,134
2016-03-10,145
2016-03-11,146
2016-03-12,148
2016-03-13,134
2016-03-14,136
2016-03-15,147
2016-03-16,147
2016-03-17,141
2016-03-18,143
2016-03-19,140
2016-03-20,132
2016-03-21,145
2016-03-22,148
2016-03-23,147
2016-03-24,145
2016-03-25,143
2016-03-26,142
2016-03-27,147
2016-03-28,148
2016-03-29,150
2016-03-30,155
2016-03-31,161
2016-04-01,160
2016-04-02,158
2016-04-03,142
2016-04-04,114
2016-04-05,138
2016-04-06,142
2016-04-07,152
2016-04-08,151
2016-04-09,155
2016-04-10,156
2016-04-11,160
2016-04-12,168
2016-04-13,165
2016-04-14,168
2016-04-15,166
2016-04-16,153
2016-04-17,153
2016-04-18,145
2016-04-19,154
2016-04-20,148
2016-04-21,147
2016-04-22,163
2016-04-23,168
2016-04-24,160
2016-04-25,168
2016-04-26,169
2016-04-27,173
2016-04-28,169
2016-04-29,169
2016-04-30,170
2016-05-01,171
2016-05-02,171
2016-05-03,169
2016-05-04,173
2016-05-05,177
2016-05-06,166
2016-05-07,169
2016-05-08,167
2016-05-09,180
2016-05-10,174
2016-05-11,182
2016-05-12,175
2016-05-13,182
2016-05-14,179
2016-05-15,178
2016-05-16,176
2016-05-17,180
2016-05-18,168
2016-05-19,170
2016-05-20,166
2016-05-21,166
2016-05-22,168
2016-05-23,172
2016-05-24,162
2016-05-25,169
2016-05-26,168
2016-05-27,163
2016-05-28,170
2016-05-29,167
2016-05-30,163
2016-05-31,150
2016-06-01,146
2016-06-02,133
2016-06-03,154
2016-06-04,156
2016-06-05,159
2016-06-06,154
2016-06-07,149
2016-06-08,159
2016-06-09,172
2016-06-10,171
2016-06-11,143
2016-06-12,174
2016-06-13,171
2016-06-14,174
2016-06-15,160
2016-06-16,168
2016-06-17,161
2016-06-18,177
2016-06-19,181
2016-06-20,174
2016-06-21,166
2016-06-22,156
2016-06-23,157
2016-06-24,160
2016-06-25,160
2016-06-26,151
2016-06-27,146
2016-06-28,155
2016-06-29,171
2016-06-30,159
2016-07-01,160
2016-07-02,154
2016-07-03,147
2016-07-04,145
2016-07-05,152
2016-07-06,160
2016-07-07,158
2016-07-08,166
2016-07-09,163
2016-07-10,165
2016-07-11,174
2016-07-12,170
2016-07-13,158
2016-07-14,156
2016-07-15,162
2016-07-16,172
2016-07-17,172
2016-07-18,164
2016-07-19,171
2016-07-20,146
2016-07-21,163
2016-07-22,175
2016-07-23,169
2016-07-24,173
2016-07-25,172
2016-07-26,175
2016-07-27,175
2016-07-28,166
2016-07-29,170
2016-07-30,135
2016-07-31,158
2016-08-01,163
2016-08-02,159
2016-08-03,168
2016-08-04,153
2016-08-05,163
2016-08-06,165
2016-08-07,161
2016-08-08,157
2016-08-09,160
2016-08-10,172
2016-08-11,174
2016-08-12,178
2016-08-13,158
2016-08-14,161
2016-08-15,166
2016-08-16,176
2016-08-17,177
2016-08-18,173
2016-08-19,177
2016-08-20,154
2016-08-21,136
2016-08-22,144
2016-08-23,146
2016-08-24,158
2016-08-25,170
2016-08-26,176
2016-08-27,178
2016-08-28,172
2016-08-29,168
2016-08-30,169
2016-08-31,172
2016-09-01,168
2016-09-02,171
2016-09-03,174
2016-09-04,162
2016-09-05,171
2016-09-06,165
2016-09-07,168
2016-09-08,157
2016-09-09,145
2016-09-10,121
2016-09-11,159
2016-09-12,159
2016-09-13,150
2016-09-14,156
2016-09-15,163
2016-09-16,170
2016-09-17,173
2016-09-18,175
2016-09-19,154
2016-09-20,156
2016-09-21,101
2016-09-22,158
2016-09-23,154
2016-09-24,162
2016-09-25,165
2016-09-26,153
2016-09-27,162
2016-09-28,164
2016-09-29,126
2016-09-30,158
2016-10-01,163
2016-10-02,169
2016-10-03,155
2016-10-04,166
2016-10-05,154
2016-10-06,141
2016-10-07,152
2016-10-08,153
2016-10-09,160
2016-10-10,159
2016-10-11,146
2016-10-12,160
2016-10-13,158
2016-10-14,154
2016-10-15,151
2016-10-16,155
2016-10-17,156
2016-10-18,173
2016-10-19,179
2016-10-20,179
2016-10-21,173
2016-10-22,175
2016-10-23,176
2016-10-24,171
2016-10-25,169
2016-10-26,172
2016-10-27,163
2016-10-28,157
2016-10-29,156
2016-10-30,154
2016-10-31,150
2016-11-01,147
2016-11-02,149
2016-11-03,150
2016-11-04,142
2016-11-05,124
2016-11-06,134
2016-11-07,138
2016-11-08,144
2016-11-09,144
2016-11-10,151
2016-11-11,150
2016-11-12,154
2016-11-13,145
2016-11-14,148
2016-11-15,151
2016-11-16,157
2016-11-17,156
2016-11-18,151
2016-11-19,151
2016-11-20,152
2016-11-21,146
2016-11-22,153
2016-11-23,158
2016-11-24,152
2016-11-25,81
2016-11-26,149
2016-11-27,153
2016-11-28,156
2016-11-29,156
2016-11-30,135
2016-12-01,134
2016-12-02,151
2016-12-03,159
2016-12-04,156
2016-12-05,168
2016-12-06,168
2016-12-07,166
2016-12-08,166
2016-12-09,161
2016-12-10,173
2016-12-11,169
2016-12-12,173
2016-12-13,174
2016-12-14,150
2016-12-15,162
2016-12-16,168
2016-12-17,142
2016-12-18,158
2016-12-19,156
2016-12-20,151
2016-12-21,163
2016-12-22,168
2016-12-23,174
2016-12-24,161
2016-12-25,172
2016-12-26,158
2016-12-27,169
2016-12-28,164
2016-12-29,167
2016-12-30,144
2016-12-31,152
2017-01-01,179
2017-01-02,161
2017-01-03,160
2017-01-04,167
2017-01-05,162
2017-01-06,166
2017-01-07,159
2017-01-08,156
2017-01-09,142
2017-01-10,148
2017-01-11,142
2017-01-12,147
2017-01-13,138
2017-01-14,135
2017-01-15,148
2017-01-16,145
2017-01-17,134
2017-01-18,138
2017-01-19,144
2017-01-20,140
2017-01-21,144
2017-01-22,149
2017-01-23,147
2017-01-24,148
2017-01-25,151
2017-01-26,152
2017-01-27,156
2017-01-28,155
2017-01-29,138
2017-01-30,143
2017-01-31,155
2017-02-01,158
2017-02-02,152
2017-02-03,153
2017-02-04,137
2017-02-05,152
2017-02-06,146
2017-02-07,136
2017-02-08,162
2017-02-09,151
2017-02-10,143
2017-02-11,148
2017-02-12,138
2017-02-13,139
2017-02-14,127
2017-02-15,138
2017-02-16,135
2017-02-17,134
2017-02-18,150
2017-02-19,150
2017-02-20,146
2017-02-21,136
2017-02-22,147
2017-02-23,151
2017-02-24,145
2017-02-25,148
2017-02-26,152
2017-02-27,163
2017-02-28,153
2017-03-01,163
2017-03-02,162
2017-03-03,161
2017-03-04,159
2017-03-05,156
2017-03-06,161
2017-03-07,144
2017-03-08,119
2017-03-09,127
2017-03-10,148
2017-03-11,157
2017-03-12,152
2017-03-13,152
2017-03-14,158
2017-03-15,161
2017-03-16,153
2017-03-17,153
2017-03-18,162
2017-03-19,154
2017-03-20,161
2017-03-21,151
2017-03-22,160
2017-03-23,160
2017-03-24,169
2017-03-25,167
2017-03-26,169
2017-03-27,167
2017-03-28,170
2017-03-29,162
2017-03-30,168
2017-03-31,158
2017-04-01,156
2017-04-02,161
2017-04-03,157
2017-04-04,148
2017-04-05,147
2017-04-06,158
2017-04-07,158
2017-04-08,161
2017-04-09,143
2017-04-10,160
2017-04-11,168
2017-04-12,170
2017-04-13,170
2017-04-14,168
2017-04-15,164
2017-04-16,156
2017-04-17,160
2017-04-18,169
2017-04-19,163
2017-04-20,160
2017-04-21,156
2017-04-22,159
2017-04-23,163
2017-04-24,157
2017-04-25,167
2017-04-26,156
2017-04-27,178
2017-04-28,184
2017-04-29,178
2017-04-30,179
2017-05-01,179
2017-05-02,176
2017-05-03,185
2017-05-04,174
2017-05-05,174
2017-05-06,178
2017-05-07,177
2017-05-08,171
2017-05-09,167
2017-05-10,168
2017-05-11,172
2017-05-12,169
2017-05-13,166
2017-05-14,165
2017-05-15,166
2017-05-16,170
2017-05-17,170
2017-05-18,183
2017-05-19,185
2017-05-20,184
2017-05-21,185
2017-05-22,189
2017-05-23,183
2017-05-24,185
2017-05-25,173
2017-05-26,180
2017-05-27,187
2017-05-28,186
2017-05-29,177
2017-05-30,192
2017-05-31,188
2017-06-01,187
2017-06-02,188
2017-06-03,191
2017-06-04,188
2017-06-05,189
2017-06-06,185
2017-06-07,173
2017-06-08,160
2017-06-09,164
2017-06-10,173
2017-06-11,178
2017-06-12,176
2017-06-13,155
2017-06-14,155
2017-06-15,170
2017-06-16,175
2017-06-17,183
2017-06-18,183
2017-06-19,185
2017-06-20,177
2017-06-21,169
2017-06-22,179
2017-06-23,175
2017-06-24,175
2017-06-25,171
2017-06-26,179
2017-06-27,172
2017-06-28,172
2017-06-29,173
2017-06-30,171
2017-07-01,173
2017-07-02,171
2017-07-03,156
2017-07-04,169
2017-07-05,167
2017-07-06,169
2017-07-07,2
2017-07-08,3
2017-07-09,2
2017-07-10,3
2017-07-11,3
2017-07-12,3
2017-07-13,3
2017-07-14,28
2017-07-15,76
2017-07-16,86
2017-07-17,92
2017-07-18,92
2017-07-19,96
2017-07-20,110
2017-07-21,119
2017-07-22,110
2017-07-23,113
2017-07-24,105
2017-07-25,107
2017-07-26,114
2017-07-27,115
2017-07-28,120
2017-07-29,143
2017-07-30,178
2017-07-31,159
2017-08-01,180
2017-08-02,178
2017-08-03,169
2017-08-04,173
2017-08-05,172
2017-08-06,172
2017-08-07,160
2017-08-08,167
2017-08-09,178
2017-08-10,170
2017-08-11,169
2017-08-12,170
2017-08-13,163
2017-08-14,156
2017-08-15,173
2017-08-16,164
2017-08-17,157
2017-08-18,160
2017-08-19,166
2017-08-20,156
2017-08-21,156
2017-08-22,153
2017-08-23,164
2017-08-24,157
2017-08-25,158
2017-08-26,162
2017-08-27,169
2017-08-28,170
2017-08-29,160
2017-08-30,166
2017-08-31,174
2017-09-01,176
2017-09-02,169
2017-09-03,163
2017-09-04,173
2017-09-05,171
2017-09-06,158
2017-09-07,161
2017-09-08,172
2017-09-09,136
2017-09-10,166
2017-09-11,159
2017-09-12,153
2017-09-13,154
2017-09-14,132
2017-09-15,144
2017-09-16,140
2017-09-17,142
2017-09-18,137
2017-09-19,134
2017-09-20,108
2017-09-21,135
2017-09-22,135
2017-09-23,132
2017-09-24,136
2017-09-25,138
2017-09-26,138
2017-09-27,150
2017-09-28,156
2017-09-29,150
2017-09-30,138
2017-10-01,144
2017-10-02,155
2017-10-03,161
2017-10-04,162
2017-10-05,162
2017-10-06,153
2017-10-07,155
2017-10-08,160
2017-10-09,169
2017-10-10,167
2017-10-11,172
2017-10-12,179
2017-10-13,178
2017-10-14,175
2017-10-15,180
2017-10-16,167
2017-10-17,159
2017-10-18,171
2017-10-19,157
2017-10-20,154
2017-10-21,158
2017-10-22,168
2017-10-23,171
2017-10-24,173
2017-10-25,177
2017-10-26,172
2017-10-27,176
2017-10-28,171
2017-10-29,174
2017-10-30,167
2017-10-31,163
2017-11-01,150
2017-11-02,166
2017-11-03,171
2017-11-04,172
2017-11-05,176
2017-11-06,175
2017-11-07,179
2017-11-08,167
2017-11-09,149
2017-11-10,155
2017-11-11,154
2017-11-12,146
2017-11-13,153
2017-11-14,158
2017-11-15,161
2017-11-16,163
2017-11-17,157
2017-11-18,162
2017-11-19,158
2017-11-20,171
2017-11-21,170
2017-11-22,169
2017-11-23,175
2017-11-24,175
2017-11-25,175
2017-11-26,170
2017-11-27,162
2017-11-28,160
2017-11-29,176
2017-11-30,169
2017-12-01,173
2017-12-02,167
2017-12-03,172
2017-12-04,173
2017-12-05,177
2017-12-06,169
2017-12-07,170
2017-12-08,175
2017-12-09,177
2017-12-10,173
2017-12-11,179
2017-12-12,166
2017-12-13,162
2017-12-14,143
2017-12-15,119
2017-12-16,99
2017-12-17,78
2017-12-18,113
2017-12-19,123
2017-12-20,134
2017-12-21,143
2017-12-22,141
2017-12-23,131
2017-12-24,142
2017-12-25,157
2017-12-26,150
2017-12-27,152
2017-12-28,142
2017-12-29,142
2017-12-30,132
2017-12-31,131
2018-01-01,157
2018-01-02,114
2018-01-03,136
2018-01-04,146
2018-01-05,143
2018-01-06,142
2018-01-07,141
2018-01-08,131
2018-01-09,150
2018-01-10,141
2018-01-11,134
2018-01-12,126
2018-01-13,127
2018-01-14,113
2018-01-15,118
2018-01-16,119
2018-01-17,112
2018-01-18,123
2018-01-19,132
2018-01-20,136
2018-01-21,141
2018-01-22,137
2018-01-23,136
2018-01-24,141
2018-01-25,147
2018-01-26,162
2018-01-27,147
2018-01-28,128
2018-01-29,130
2018-01-30,136
2018-01-31,147
2018-02-01,152
2018-02-02,149
2018-02-03,142
2018-02-04,144
2018-02-05,148
2018-02-06,143
2018-02-07,144
2018-02-08,144
2018-02-09,150
2018-02-10,148
2018-02-11,156
2018-02-12,159
2018-02-13,143
2018-02-14,125
2018-02-15,116
2018-02-16,123
2018-02-17,131
2018-02-18,126
2018-02-19,135
2018-02-20,135
2018-02-21,139
2018-02-22,144
2018-02-23,160
2018-02-24,162
2018-02-25,141
2018-02-26,142
2018-02-27,153
2018-02-28,158
2018-03-01,157
2018-03-02,150
2018-03-03,157
2018-03-04,152
2018-03-05,150
2018-03-06,152
2018-03-07,153
2018-03-08,157
2018-03-09,150
2018-03-10,136
2018-03-11,141
2018-03-12,133
2018-03-13,124
2018-03-14,124
2018-03-15,130
2018-03-16,132
2018-03-17,135
2018-03-18,144
2018-03-19,146
2018-03-20,147
2018-03-21,155
2018-03-22,151
2018-03-23,153
2018-03-24,144
2018-03-25,148
2018-03-26,147
2018-03-27,147
2018-03-28,136
2018-03-29,130
2018-03-30,131
2018-03-31,128
2018-04-01,143
2018-04-02,158
2018-04-03,151
2018-04-04,165
2018-04-05,159
2018-04-06,166
2018-04-07,149
2018-04-08,158
2018-04-09,153
2018-04-10,155
2018-04-11,162
2018-04-12,162
2018-04-13,174
2018-04-14,171
2018-04-15,172
2018-04-16,170
2018-04-17,165
2018-04-18,177
2018-04-19,173
2018-04-20,174
2018-04-21,171
2018-04-22,172
2018-04-23,168
2018-04-24,164
2018-04-25,162
2018-04-26,172
2018-04-27,176
2018-04-28,176
2018-04-29,146
2018-04-30,180
2018-05-01,176
2018-05-02,179
2018-05-03,180
2018-05-04,167
2018-05-05,165
2018-05-06,175
2018-05-07,171
2018-05-08,178
2018-05-09,157
2018-05-10,162
2018-05-11,164
2018-05-12,170
2018-05-13,179
2018-05-14,178
2018-05-15,179
2018-05-16,172
2018-05-17,176
2018-05-18,180
2018-05-19,180
2018-05-20,185
2018-05-21,172
2018-05-22,166
2018-05-23,167
2018-05-24,165
2018-05-25,170
2018-05-26,152
2018-05-27,162
2018-05-28,167
2018-05-29,168
2018-05-30,157
2018-05-31,151
2018-06-01,153
2018-06-02,157
2018-06-03,153
2018-06-04,170
2018-06-05,175
2018-06-06,160
2018-06-07,158
2018-06-08,170
2018-06-09,176
2018-06-10,181
2018-06-11,180
2018-06-12,183
2018-06-13,182
2018-06-14,179
2018-06-15,184
2018-06-16,164
2018-06-17,190
2018-06-18,174
2018-06-19,178
2018-06-20,172
2018-06-21,179
2018-06-22,181
2018-06-23,180
2018-06-24,174
2018-06-25,172
2018-06-26,170
2018-06-27,178
2018-06-28,167
2018-06-29,176
2018-06-30,182
2018-07-01,175
2018-07-02,178
2018-07-03,188
2018-07-04,187
2018-07-05,177
2018-07-06,179
2018-07-07,178
2018-07-08,177
2018-07-09,172
2018-07-10,183
2018-07-11,193
2018-07-12,174
2018-07-13,157
2018-07-14,156
2018-07-15,170
2018-07-16,169
2018-07-17,178
2018-07-18,173
2018-07-19,193
2018-07-20,181
2018-07-21,189
2018-07-22,195
2018-07-23,175
2018-07-24,177
2018-07-25,167
2018-07-26,165
2018-07-27,183
2018-07-28,176
2018-07-29,184
2018-07-30,179
2018-07-31,183
2018-08-01,177
2018-08-02,183
2018-08-03,175
2018-08-04,180
2018-08-05,178
2018-08-06,178
2018-08-07,175
2018-08-08,184
2018-08-09,187
2018-08-10,182
2018-08-11,177
2018-08-12,181
2018-08-13,182
2018-08-14,174
2018-08-15,162
2018-08-16,172
2018-08-17,174
2018-08-18,168
2018-08-19,167
2018-08-20,164
2018-08-21,168
2018-08-22,178
2018-08-23,180
2018-08-24,188
2018-08-25,186
2018-08-26,175
2018-08-27,171
2018-08-28,171
2018-08-29,166
2018-08-30,165
2018-08-31,161
2018-09-01,143
2018-09-02,161
2018-09-03,161
2018-09-04,163
2018-09-05,165
2018-09-06,174
2018-09-07,167
2018-09-08,176
2018-09-09,160
2018-09-10,148
2018-09-11,166
2018-09-12,164
2018-09-13,156
2018-09-14,159
2018-09-15,134
2018-09-16,153
2018-09-17,158
2018-09-18,154
2018-09-19,153
2018-09-20,153
2018-09-21,144
2018-09-22,139
2018-09-23,133
2018-09-24,146
2018-09-25,161
2018-09-26,166
2018-09-27,170
2018-09-28,177
2018-09-29,173
2018-09-30,177
2018-10-01,170
2018-10-02,159
2018-10-03,150
2018-10-04,149
2018-10-05,150
2018-10-06,151
2018-10-07,149
2018-10-08,160
2018-10-09,164
2018-10-10,169
2018-10-11,168
2018-10-12,171
2018-10-13,177
2018-10-14,179
2018-10-15,170
2018-10-16,159
2018-10-17,164
2018-10-18,160
2018-10-19,175
2018-10-20,156
2018-10-21,166
2018-10-22,160
2018-10-23,174
2018-10-24,163
2018-10-25,169
2018-10-26,168
2018-10-27,173
2018-10-28,172
2018-10-29,171
2018-10-30,175
2018-10-31,179
2018-11-01,176
2018-11-02,181
2018-11-03,163
2018-11-04,156
2018-11-05,162
2018-11-06,158
2018-11-07,150
2018-11-08,153
2018-11-09,154
2018-11-10,151
2018-11-11,145
2018-11-12,145
2018-11-13,155
2018-11-14,158
2018-11-15,155
2018-11-16,156
2018-11-17,168
2018-11-18,171
2018-11-19,166
2018-11-20,146
2018-11-21,135
2018-11-22,150
2018-11-23,145
2018-11-24,154
2018-11-25,159
2018-11-26,160
2018-11-27,159
2018-11-28,159
2018-11-29,166
2018-11-30,160
2018-12-01,159
2018-12-02,161
2018-12-03,166
2018-12-04,161
2018-12-05,170
2018-12-06,176
2018-12-07,176
2018-12-08,170
2018-12-09,177
2018-12-10,175
2018-12-11,168
2018-12-12,152
2018-12-13,157
2018-12-14,157
2018-12-15,165
2018-12-16,167
2018-12-17,162
2018-12-18,165
2018-12-19,161
2018-12-20,168
2018-12-21,165
2018-12-22,171
2018-12-23,157
2018-12-24,157
2018-12-25,192
2018-12-26,160
2018-12-27,161
2018-12-28,164
2018-12-29,139
2018-12-30,155
2018-12-31,168
2019-01-01,186
2019-01-02,164
2019-01-03,164
2019-01-04,169
2019-01-05,164
2019-01-06,165
2019-01-07,157
2019-01-08,161
2019-01-09,159
2019-01-10,160
2019-01-11,159
2019-01-12,157
2019-01-13,162
2019-01-14,164
2019-01-15,165
2019-01-16,156
2019-01-17,157
2019-01-18,158
2019-01-19,153
2019-01-20,162
2019-01-21,141
2019-01-22,154
2019-01-23,156
2019-01-24,151
2019-01-25,158
2019-01-26,152
2019-01-27,146
2019-01-28,139
2019-01-29,147
2019-01-30,147
2019-01-31,150
2019-02-01,153
2019-02-02,146
2019-02-03,143
2019-02-04,150
2019-02-05,156
2019-02-06,165
2019-02-07,155
2019-02-08,156
2019-02-09,166
2019-02-10,164
2019-02-11,160
2019-02-12,165
2019-02-13,154
2019-02-14,161
2019-02-15,159
2019-02-16,155
2019-02-17,156
2019-02-18,159
2019-02-19,158
2019-02-20,156
2019-02-21,160
2019-02-22,159
2019-02-23,164
2019-02-24,161
2019-02-25,159
2019-02-26,148
2019-02-27,153
2019-02-28,154
2019-03-01,164
2019-03-02,160
2019-03-03,158
2019-03-04,148
2019-03-05,139
2019-03-06,159
2019-03-07,147
2019-03-08,148
2019-03-09,149
2019-03-10,151
2019-03-11,149
2019-03-12,169
2019-03-13,171
2019-03-14,164
2019-03-15,161
2019-03-16,154
2019-03-17,151
2019-03-18,144
2019-03-19,147
2019-03-20,147
2019-03-21,147
2019-03-22,147
2019-03-23,145
2019-03-24,135
2019-03-25,127
2019-03-26,145
2019-03-27,144
2019-03-28,138
2019-03-29,140
2019-03-30,137
2019-03-31,133
2019-04-01,137
2019-04-02,142
2019-04-03,141
2019-04-04,146
2019-04-05,162
2019-04-06,170
2019-04-07,167
2019-04-08,166
2019-04-09,160
2019-04-10,162
2019-04-11,168
2019-04-12,176
2019-04-13,164
2019-04-14,172
2019-04-15,178
2019-04-16,172
2019-04-17,170
2019-04-18,174
2019-04-19,172
2019-04-20,167
2019-04-21,176
2019-04-22,170
2019-04-23,182
2019-04-24,185
2019-04-25,183
2019-04-26,179
2019-04-27,184
2019-04-28,182
2019-04-29,178
2019-04-30,186
2019-05-01,191
2019-05-02,190
2019-05-03,193
2019-05-04,198
2019-05-05,200
2019-05-06,196
2019-05-07,203
2019-05-08,205
2019-05-09,206
2019-05-10,198
2019-05-11,206
2019-05-12,202
2019-05-13,211
2019-05-14,211
2019-05-15,208
2019-05-16,209
2019-05-17,217
2019-05-18,208
2019-05-19,202
2019-05-20,202
2019-05-21,199
2019-05-22,189
2019-05-23,198
2019-05-24,194
2019-05-25,194
2019-05-26,203
2019-05-27,197
2019-05-28,203
2019-05-29,201
2019-05-30,209
2019-05-31,193
2019-06-01,191
2019-06-02,193
2019-06-03,191
2019-06-04,193
2019-06-05,182
2019-06-06,173
2019-06-07,174
2019-06-08,190
2019-06-09,181
2019-06-10,186
2019-06-11,197
2019-06-12,204
2019-06-13,207
2019-06-14,196
2019-06-15,208
2019-06-16,203
2019-06-17,205
2019-06-18,192
2019-06-19,206
2019-06-20,198
2019-06-21,201
2019-06-22,210
2019-06-23,205
2019-06-24,197
2019-06-25,181
2019-06-26,188
2019-06-27,186
2019-06-28,189
2019-06-29,198
2019-06-30,193
2019-07-01,190
2019-07-02,185
2019-07-03,187
2019-07-04,188
2019-07-05,187
2019-07-06,192
2019-07-07,192
2019-07-08,199
2019-07-09,197
2019-07-10,192
2019-07-11,190
2019-07-12,191
2019-07-13,183
2019-07-14,172
2019-07-15,160
2019-07-16,161
2019-07-17,159
2019-07-18,176
2019-07-19,179
2019-07-20,188
2019-07-21,196
2019-07-22,178
2019-07-23,186
2019-07-24,178
2019-07-25,173
2019-07-26,177
2019-07-27,172
2019-07-28,156
2019-07-29,140
2019-07-30,152
2019-07-31,150
2019-08-01,158
2019-08-02,163
2019-08-03,133
2019-08-04,128
2019-08-05,154
2019-08-06,154
2019-08-07,155
2019-08-08,163
2019-08-09,166
2019-08-10,169
2019-08-11,172
2019-08-12,171
2019-08-13,178
2019-08-14,177
2019-08-15,180
2019-08-16,175
2019-08-17,165
2019-08-18,172
2019-08-19,170
2019-08-20,172
2019-08-21,152
2019-08-22,147
2019-08-23,153
2019-08-24,157
2019-08-25,166
2019-08-26,163
2019-08-27,135
2019-08-28,150
2019-08-29,157
2019-08-30,143
2019-08-31,159
2019-09-01,146
2019-09-02,143
2019-09-03,148
2019-09-04,150
2019-09-05,147
2019-09-06,150
2019-09-07,154
2019-09-08,157
2019-09-09,170
2019-09-10,168
2019-09-11,171
2019-09-12,141
2019-09-13,141
2019-09-14,141
2019-09-15,152
2019-09-16,155
2019-09-17,163
2019-09-18,162
2019-09-19,165
2019-09-20,166
2019-09-21,167
2019-09-22,171
2019-09-23,169
2019-09-24,171
2019-09-25,170
2019-09-26,176
2019-09-27,178
2019-09-28,183
2019-09-29,189
2019-09-30,175
2019-10-01,172
2019-10-02,178
2019-10-03,170
2019-10-04,168
2019-10-05,172
2019-10-06,166
2019-10-07,177
2019-10-08,171
2019-10-09,170
2019-10-10,180
2019-10-11,178
2019-10-12,177
2019-10-13,173
2019-10-14,180
2019-10-15,178
2019-10-16,173
2019-10-17,170
2019-10-18,171
2019-10-19,176
2019-10-20,190
2019-10-21,185
2019-10-22,195
2019-10-23,172
2019-10-24,190
2019-10-25,185
2019-10-26,196
2019-10-27,174
2019-10-28,161
2019-10-29,181
2019-10-30,175
2019-10-31,172
2019-11-01,159
2019-11-02,176
2019-11-03,170
2019-11-04,181
2019-11-05,194
2019-11-06,189
2019-11-07,196
2019-11-08,194
2019-11-09,188
2019-11-10,191
2019-11-11,193
2019-11-12,177
2019-11-13,174
2019-11-14,170
2019-11-15,185
2019-11-16,189
2019-11-17,191
2019-11-18,183
2019-11-19,189
2019-11-20,173
2019-11-21,162
2019-11-22,172
2019-11-23,168
2019-11-24,179
2019-11-25,183
2019-11-26,190
2019-11-27,182
2019-11-28,179
2019-11-29,191
2019-11-30,186
2019-12-01,177
2019-12-02,178
2019-12-03,122
2019-12-04,154
2019-12-05,172
2019-12-06,169
2019-12-07,176
2019-12-08,178
2019-12-09,172
2019-12-10,165
2019-12-11,169
2019-12-12,177
2019-12-13,184
2019-12-14,171
2019-12-15,185
2019-12-16,186
2019-12-17,183
2019-12-18,181
2019-12-19,171
2019-12-20,178
2019-12-21,186
2019-12-22,171
2019-12-23,178
2019-12-24,174
2019-12-25,129
2019-12-26,104
2019-12-27,120
2019-12-28,143
2019-12-29,154
2019-12-30,155
2019-12-31,174
2020-01-01,185
2020-01-02,165
2020-01-03,172
2020-01-04,169
2020-01-05,167
2020-01-06,164
2020-01-07,173
2020-01-08,170
2020-01-09,175
2020-01-10,177
2020-01-11,169
2020-01-12,181
2020-01-13,176
2020-01-14,178
2020-01-15,175
2020-01-16,170
2020-01-17,161
2020-01-18,153
2020-01-19,154
2020-01-20,154
2020-01-21,156
2020-01-22,164
2020-01-23,170
2020-01-24,178
2020-01-25,178
2020-01-26,177
2020-01-27,178
2020-01-28,183
2020-01-29,189
2020-01-30,182
2020-01-31,184
2020-02-01,180
2020-02-02,172
2020-02-03,159
2020-02-04,153
2020-02-05,173
2020-02-06,165
2020-02-07,168
2020-02-08,180
2020-02-09,178
2020-02-10,171
2020-02-11,163
2020-02-12,166
2020-02-13,158
2020-02-14,167
2020-02-15,178
2020-02-16,183
2020-02-17,182
2020-02-18,165
2020-02-19,172
2020-02-20,168
2020-02-21,170
2020-02-22,169
2020-02-23,173
2020-02-24,159
2020-02-25,168
2020-02-26,166
2020-02-27,167
2020-02-28,162
2020-02-29,160
2020-03-01,161
2020-03-02,161
2020-03-03,170
2020-03-04,173
2020-03-05,173
2020-03-06,176
2020-03-07,173
2020-03-08,167
2020-03-09,180
2020-03-10,184
2020-03-11,179
2020-03-12,175
2020-03-13,187
2020-03-14,185
2020-03-15,175
2020-03-16,173
2020-03-17,177
2020-03-18,171
2020-03-19,168
2020-03-20,181
2020-03-21,165
2020-03-22,188
2020-03-23,176
2020-03-24,177
2020-03-25,175
2020-03-26,174
2020-03-27,176
2020-03-28,178
2020-03-29,174
2020-03-30,178
2020-03-31,166
2020-04-01,179
2020-04-02,173
2020-04-03,185
2020-04-04,180
2020-04-05,177
2020-04-06,178
2020-04-07,185
2020-04-08,188
2020-04-09,189
2020-04-10,187
2020-04-11,177
2020-04-12,183
2020-04-13,187
2020-04-14,186
2020-04-15,179
2020-04-16,192
2020-04-17,195
2020-04-18,196
2020-04-19,200
2020-04-20,198
2020-04-21,190
2020-04-22,190
2020-04-23,190
2020-04-24,184
2020-04-25,191
2020-04-26,196
2020-04-27,187
2020-04-28,185
2020-04-29,192
2020-04-30,196
2020-05-01,194
2020-05-02,187
2020-05-03,180
2020-05-04,191
2020-05-05,200
2020-05-06,204
2020-05-07,206
2020-05-08,212
2020-05-09,205
2020-05-10,212
2020-05-11,211
2020-05-12,206
2020-05-13,210
2020-05-14,200
2020-05-15,156
2020-05-16,187
2020-05-17,185
2020-05-18,195
2020-05-19,212
2020-05-20,218
2020-05-21,218
2020-05-22,223
2020-05-23,213
2020-05-24,200
2020-05-25,215
2020-05-26,217
2020-05-27,194
2020-05-28,207
2020-05-29,209
2020-05-30,211
2020-05-31,209
2020-06-01,201
2020-06-02,202
2020-06-03,214
2020-06-04,214
2020-06-05,224
2020-06-06,219
2020-06-07,223
2020-06-08,205
2020-06-09,208
2020-06-10,204
2020-06-11,186
2020-06-12,187
2020-06-13,193
2020-06-14,190
2020-06-15,188
2020-06-16,196
2020-06-17,183
2020-06-18,169
2020-06-19,157
2020-06-20,178
2020-06-21,185
2020-06-22,193
2020-06-23,198
2020-06-24,209
2020-06-25,210
2020-06-26,199
2020-06-27,197
2020-06-28,196
2020-06-29,190
2020-06-30,196
2020-07-01,194
2020-07-02,207
2020-07-03,209
2020-07-04,194
2020-07-05,194
2020-07-06,184
2020-07-07,192
2020-07-08,199
2020-07-09,206
2020-07-10,204
2020-07-11,205
2020-07-12,213
2020-07-13,212
2020-07-14,213
2020-07-15,208
2020-07-16,201
2020-07-17,200
2020-07-18,197
2020-07-19,188
2020-07-20,194
2020-07-21,206
2020-07-22,179
2020-07-23,196
2020-07-24,197
2020-07-25,202
2020-07-26,198
2020-07-27,203
2020-07-28,187
2020-07-29,183
2020-07-30,197
2020-07-31,208
2020-08-01,194
2020-08-02,181
2020-08-03,186
2020-08-04,186
2020-08-05,182
2020-08-06,182
2020-08-07,187
2020-08-08,188
2020-08-09,186
2020-08-10,198
2020-08-11,187
2020-08-12,196
2020-08-13,192
2020-08-14,183
2020-08-15,194
2020-08-16,200
2020-08-17,191
2020-08-18,184
2020-08-19,193
2020-08-20,187
2020-08-21,197
2020-08-22,204
2020-08-23,213
2020-08-24,215
2020-08-25,218
2020-08-26,221
2020-08-27,217
2020-08-28,218
2020-08-29,223
2020-08-30,213
2020-08-31,211
2020-09-01,204
2020-09-02,216
2020-09-03,210
2020-09-04,217
2020-09-05,222
2020-09-06,223
2020-09-07,211
2020-09-08,210
2020-09-09,209
2020-09-10,210
2020-09-11,188
2020-09-12,202
2020-09-13,202
2020-09-14,213
2020-09-15,192
2020-09-16,200
2020-09-17,191
2020-09-18,189
2020-09-19,194
2020-09-20,204
2020-09-21,195
2020-09-22,200
2020-09-23,208
2020-09-24,211
2020-09-25,206
2020-09-26,209
2020-09-27,210
2020-09-28,208
2020-09-29,205
2020-09-30,205
2020-10-01,202
2020-10-02,198
2020-10-03,191
2020-10-04,193
2020-10-05,200
2020-10-06,197
2020-10-07,203
2020-10-08,182
2020-10-09,189
2020-10-10,184
2020-10-11,188
2020-10-12,189
2020-10-13,190
2020-10-14,180
2020-10-15,192
2020-10-16,191
2020-10-17,188
2020-10-18,195
2020-10-19,187
2020-10-20,172
2020-10-21,179
2020-10-22,189
2020-10-23,196
2020-10-24,177
2020-10-25,191
2020-10-26,168
2020-10-27,185
2020-10-28,187
2020-10-29,181
2020-10-30,192
2020-10-31,189
2020-11-01,183
2020-11-02,192
2020-11-03,197
2020-11-04,202
2020-11-05,201
2020-11-06,186
2020-11-07,176
2020-11-08,160
2020-11-09,180
2020-11-10,184
2020-11-11,181
2020-11-12,181
2020-11-13,190
2020-11-14,213
2020-11-15,206
2020-11-16,196
2020-11-17,208
2020-11-18,191
2020-11-19,203
2020-11-20,183
2020-11-21,202
2020-11-22,189
2020-11-23,191
2020-11-24,167
2020-11-25,175
2020-11-26,187
2020-11-27,186
2020-11-28,181
2020-11-29,197
2020-11-30,188
2020-12-01,185
2020-12-02,192
2020-12-03,190
2020-12-04,200
2020-12-05,192
2020-12-06,195
2020-12-07,182
2020-12-08,197
2020-12-09,200
2020-12-10,178
2020-12-11,197
2020-12-12,202
2020-12-13,195
2020-12-14,188
2020-12-15,192
2020-12-16,190
2020-12-17,188
2020-12-18,187
2020-12-19,164
2020-12-20,177
2020-12-21,172
2020-12-22,198
2020-12-23,188
2020-12-24,202
2020-12-25,216
2020-12-26,195
2020-12-27,188
2020-12-28,185
2020-12-29,178
2020-12-30,193
2020-12-31,193
2021-01-01,214
2021-01-02,193
2021-01-03,182
2021-01-04,186
2021-01-05,184
2021-01-06,193
2021-01-07,187
2021-01-08,174
2021-01-09,176
2021-01-10,173
2021-01-11,166
2021-01-12,165
2021-01-13,157
2021-01-14,171
2021-01-15,178
2021-01-16,182
2021-01-17,181
2021-01-18,184
2021-01-19,168
2021-01-20,176
2021-01-21,178
2021-01-22,186
2021-01-23,183
2021-01-24,182
2021-01-25,195
2021-01-26,171
2021-01-27,185
2021-01-28,186
2021-01-29,174
2021-01-30,170
2021-01-31,167
2021-02-01,173
2021-02-02,180
2021-02-03,180
2021-02-04,185
2021-02-05,190
2021-02-06,196
2021-02-07,192
2021-02-08,177
2021-02-09,158
2021-02-10,171
2021-02-11,183
2021-02-12,193
2021-02-13,186
2021-02-14,188
2021-02-15,184
2021-02-16,188
2021-02-17,180
2021-02-18,175
2021-02-19,164
2021-02-20,150
2021-02-21,164
2021-02-22,170
2021-02-23,178
2021-02-24,179
2021-02-25,173
2021-02-26,182
2021-02-27,187
2021-02-28,195
2021-03-01,180
2021-03-02,177
2021-03-03,194
2021-03-04,198
2021-03-05,192
2021-03-06,201
2021-03-07,193
2021-03-08,197
2021-03-09,196
2021-03-10,195
2021-03-11,192
2021-03-12,167
2021-03-13,169
2021-03-14,172
2021-03-15,195
2021-03-16,203
2021-03-17,209
2021-03-18,212
2021-03-19,217
2021-03-20,216
2021-03-21,206
2021-03-22,201
2021-03-23,204
2021-03-24,205
2021-03-25,183
2021-03-26,197
2021-03-27,207
2021-03-28,203
2021-03-29,211
2021-03-30,199
2021-03-31,198
2021-04-01,200
2021-04-02,194
2021-04-03,200
2021-04-04,209
2021-04-05,209
2021-04-06,216
2021-04-07,215
2021-04-08,213
2021-04-09,211
2021-04-10,217
2021-04-11,209
2021-04-12,213
2021-04-13,216
2021-04-14,214
2021-04-15,209
2021-04-16,208
2021-04-17,211
2021-04-18,192
2021-04-19,110
2021-04-20,177
2021-04-21,183
2021-04-22,212
2021-04-23,210
2021-04-24,220
2021-04-25,216
2021-04-26,206
2021-04-27,206
2021-04-28,200
2021-04-29,205
2021-04-30,207
2021-05-01,211
2021-05-02,207
2021-05-03,206
2021-05-04,202
2021-05-05,211
2021-05-06,222
2021-05-07,221
2021-05-08,213
2021-05-09,213
2021-05-10,216
2021-05-11,217
2021-05-12,211
2021-05-13,210
2021-05-14,208
2021-05-15,200
2021-05-16,193
2021-05-17,190
2021-05-18,208
2021-05-19,207
2021-05-20,210
2021-05-21,216
2021-05-22,212
2021-05-23,208
2021-05-24,215
2021-05-25,216
2021-05-26,209
2021-05-27,217
2021-05-28,225
2021-05-29,228
2021-05-30,233
2021-05-31,230
2021-06-01,209
2021-06-02,130
2021-06-03,196
2021-06-04,217
2021-06-05,207
2021-06-06,208
2021-06-07,206
2021-06-08,199
2021-06-09,203
2021-06-10,198
2021-06-11,211
2021-06-12,207
2021-06-13,202
2021-06-14,202
2021-06-15,217
2021-06-16,216
2021-06-17,224
2021-06-18,227
2021-06-19,231
2021-06-20,216
2021-06-21,210
2021-06-22,203
2021-06-23,210
2021-06-24,211
2021-06-25,216
2021-06-26,209
2021-06-27,212
2021-06-28,211
2021-06-29,214
2021-06-30,213
2021-07-01,219
2021-07-02,218
2021-07-03,206
2021-07-04,194
2021-07-05,197
2021-07-06,202
2021-07-07,202
2021-07-08,203
2021-07-09,201
2021-07-10,200
2021-07-11,194
2021-07-12,209
2021-07-13,215
2021-07-14,200
2021-07-15,201
2021-07-16,204
2021-07-17,200
2021-07-18,196
2021-07-19,199
2021-07-20,209
2021-07-21,218
2021-07-22,214
2021-07-23,207
2021-07-24,219
2021-07-25,230
2021-07-26,221
2021-07-27,219
2021-07-28,207
2021-07-29,204
2021-07-30,207
2021-07-31,212
2021-08-01,217
2021-08-02,217
2021-08-03,225
2021-08-04,228
2021-08-05,234
2021-08-06,230
2021-08-07,233
2021-08-08,232
2021-08-09,201
2021-08-10,188
2021-08-11,206
2021-08-12,214
2021-08-13,216
2021-08-14,203
2021-08-15,183
2021-08-16,203
2021-08-17,200
2021-08-18,207
2021-08-19,210
2021-08-20,214
2021-08-21,203
2021-08-22,196
2021-08-23,200
2021-08-24,207
2021-08-25,196
2021-08-26,201
2021-08-27,191
2021-08-28,206
2021-08-29,190
2021-08-30,203
2021-08-31,205
2021-09-01,200
2021-09-02,185
2021-09-03,189
2021-09-04,200
2021-09-05,196
2021-09-06,195
2021-09-07,121
2021-09-08,166
2021-09-09,192
2021-09-10,204
2021-09-11,203
2021-09-12,207
2021-09-13,199
2021-09-14,213
2021-09-15,203
2021-09-16,204
2021-09-17,192
2021-09-18,199
2021-09-19,205
2021-09-20,202
2021-09-21,189
2021-09-22,204
2021-09-23,201
2021-09-24,206
2021-09-25,210
2021-09-26,211
2021-09-27,210
2021-09-28,220
2021-09-29,220
2021-09-30,207
2021-10-01,214
2021-10-02,210
2021-10-03,208
2021-10-04,192
2021-10-05,197
2021-10-06,191
2021-10-07,212
2021-10-08,218
2021-10-09,191
2021-10-10,180
2021-10-11,200
2021-10-12,212
2021-10-13,205
2021-10-14,214
2021-10-15,210
2021-10-16,208
2021-10-17,220
2021-10-18,213
2021-10-19,224
2021-10-20,220
2021-10-21,209
2021-10-22,211
2021-10-23,192
2021-10-24,206
2021-10-25,198
2021-10-26,187
2021-10-27,207
2021-10-28,201
2021-10-29,200
2021-10-30,202
2021-10-31,199
2021-11-01,195
2021-11-02,204
2021-11-03,194
2021-11-04,201
2021-11-05,186
2021-11-06,204
2021-11-07,201
2021-11-08,202
2021-11-09,211
2021-11-10,199
2021-11-11,206
2021-11-12,204
2021-11-13,205
2021-11-14,207
2021-11-15,204
2021-11-16,204
2021-11-17,204
2021-11-18,197
2021-11-19,198
2021-11-20,203
2021-11-21,214
2021-11-22,206
2021-11-23,218
2021-11-24,215
2021-11-25,194
2021-11-26,199
2021-11-27,199
2021-11-28,211
2021-11-29,205
2021-11-30,213
2021-12-01,215
2021-12-02,205
2021-12-03,194
2021-12-04,177
2021-12-05,179
2021-12-06,176
2021-12-07,180
2021-12-08,174
2021-12-09,174
2021-12-10,173
2021-12-11,173
2021-12-12,185
2021-12-13,251
2021-12-14,193
2021-12-15,193
2021-12-16,168
2021-12-17,482
2021-12-18,490
2021-12-19,65
2021-12-20,75
2021-12-21,159
2021-12-22,169
2021-12-23,155
2021-12-24,181
2021-12-25,192
2021-12-26,190
2021-12-27,181
2021-12-28,176
2021-12-29,169
2021-12-30,160
2021-12-31,173
2022-01-01,182
2022-01-02,155
2022-01-03,155
2022-01-04,157
2022-01-05,154
2022-01-06,159
2022-01-07,162
2022-01-08,170
2022-01-09,167
2022-01-10,165
2022-01-11,181
2022-01-12,189
2022-01-13,171
2022-01-14,169
2022-01-15,161
2022-01-16,176
2022-01-17,173
2022-01-18,175
2022-01-19,172
2022-01-20,176
2022-01-21,174
2022-01-22,188
2022-01-23,187
2022-01-24,179
2022-01-25,181
2022-01-26,171
2022-01-27,178
2022-01-28,185
2022-01-29,192
2022-01-30,190
2022-01-31,189
2022-02-01,199
2022-02-02,194
2022-02-03,192
2022-02-04,190
2022-02-05,174
2022-02-06,185
2022-02-07,184
2022-02-08,192
2022-02-09,177
2022-02-10,176
2022-02-11,186
2022-02-12,187
2022-02-13,169
2022-02-14,178
2022-02-15,186
2022-02-16,185
2022-02-17,189
2022-02-18,187
2022-02-19,188
2022-02-20,194
2022-02-21,189
2022-02-22,190
2022-02-23,160
2022-02-24,177
2022-02-25,179
2022-02-26,185
2022-02-27,191
2022-02-28,187
2022-03-01,177
2022-03-02,186
2022-03-03,184
2022-03-04,179
2022-03-05,174
2022-03-06,185
2022-03-07,167
2022-03-08,177
2022-03-09,173
2022-03-10,172
2022-03-11,179
2022-03-12,177
2022-03-13,185
2022-03-14,188
2022-03-15,201
2022-03-16,201
2022-03-17,193
2022-03-18,195
2022-03-19,206
2022-03-20,211
2022-03-21,192
2022-03-22,190
2022-03-23,192
2022-03-24,198
2022-03-25,205
2022-03-26,204
2022-03-27,207
2022-03-28,201
2022-03-29,186
2022-03-30,199
2022-03-31,201
2022-04-01,204
2022-04-02,199
2022-04-03,196
2022-04-04,196
2022-04-05,203
2022-04-06,199
2022-04-07,195
2022-04-08,189
2022-04-09,181
2022-04-10,163
2022-04-11,117
2022-04-12,147
2022-04-13,142
2022-04-14,178
2022-04-15,171
2022-04-16,166
2022-04-17,194
2022-04-18,185
2022-04-19,181
2022-04-20,190
2022-04-21,203
2022-04-22,203
2022-04-23,197
2022-04-24,214
2022-04-25,209
2022-04-26,211
2022-04-27,180
2022-04-28,184
2022-04-29,196
2022-04-30,200
2022-05-01,201
2022-05-02,199
2022-05-03,201
2022-05-04,202
2022-05-05,208
2022-05-06,192
2022-05-07,197
2022-05-08,221
2022-05-09,216
2022-05-10,222
2022-05-11,219
2022-05-12,228
2022-05-13,221
2022-05-14,225
2022-05-15,211
2022-05-16,207
2022-05-17,221
2022-05-18,228
2022-05-19,215
2022-05-20,219
2022-05-21,226
2022-05-22,223
2022-05-23,210
2022-05-24,214
2022-05-25,212
2022-05-26,227
2022-05-27,215
2022-05-28,212
2022-05-29,214
2022-05-30,206
2022-05-31,181
2022-06-01,189
2022-06-02,207
2022-06-03,202
2022-06-04,205
2022-06-05,208
2022-06-06,186
2022-06-07,192
2022-06-08,195
2022-06-09,179
2022-06-10,185
2022-06-11,186
2022-06-12,172
2022-06-13,163
2022-06-14,171
2022-06-15,176
2022-06-16,187
2022-06-17,188
2022-06-18,191
2022-06-19,191
2022-06-20,178
2022-06-21,186
2022-06-22,161
2022-06-23,161
2022-06-24,172
2022-06-25,184
2022-06-26,182
2022-06-27,169
2022-06-28,167
2022-06-29,174
2022-06-30,179
2022-07-01,182
2022-07-02,182
2022-07-03,179
2022-07-04,175
2022-07-05,175
2022-07-06,168
2022-07-07,165
2022-07-08,181
2022-07-09,177
2022-07-10,177
2022-07-11,177
2022-07-12,185
2022-07-13,184
2022-07-14,186
2022-07-15,194
2022-07-16,189
2022-07-17,181
2022-07-18,177
2022-07-19,175
2022-07-20,190
2022-07-21,190
2022-07-22,179
2022-07-23,186
2022-07-24,189
2022-07-25,179
2022-07-26,188
2022-07-27,199
2022-07-28,202
2022-07-29,201
2022-07-30,196
2022-07-31,194
2022-08-01,180
2022-08-02,181
2022-08-03,186
2022-08-04,182
2022-08-05,165
2022-08-06,180
2022-08-07,180
2022-08-08,178
2022-08-09,182
2022-08-10,185
2022-08-11,188
2022-08-12,203
2022-08-13,197
2022-08-14,195
2022-08-15,187
2022-08-16,187
2022-08-17,205
2022-08-18,190
2022-08-19,202
2022-08-20,201
2022-08-21,202
2022-08-22,201
2022-08-23,207
2022-08-24,198
2022-08-25,198
2022-08-26,199
2022-08-27,202
2022-08-28,205
2022-08-29,208
2022-08-30,-29
2022-08-31,205
2022-09-01,217
2022-09-02,217
2022-09-03,223
2022-09-04,224
2022-09-05,216
2022-09-06,210
2022-09-07,206
2022-09-08,197
2022-09-09,206
2022-09-10,203
2022-09-11,205
2022-09-12,215
2022-09-13,224
2022-09-14,221
2022-09-15,216
2022-09-16,217
2022-09-17,207
2022-09-18,223
2022-09-19,217
2022-09-20,221
2022-09-21,224
2022-09-22,218
2022-09-23,211
2022-09-24,209
2022-09-25,204
2022-09-26,206
2022-09-27,205
2022-09-28,208
2022-09-29,204
2022-09-30,209
2022-10-01,201
2022-10-02,193
2022-10-03,199
2022-10-04,190
2022-10-05,200
2022-10-06,182
2022-10-07,196
2022-10-08,201
2022-10-09,203
2022-10-10,184
2022-10-11,215
2022-10-12,209
2022-10-13,202
2022-10-14,210
2022-10-15,209
2022-10-16,214
2022-10-17,206
2022-10-18,207
2022-10-19,204
2022-10-20,201
2022-10-21,197
2022-10-22,208
2022-10-23,203
2022-10-24,203
2022-10-25,196
2022-10-26,194
2022-10-27,189
2022-10-28,197
2022-10-29,124
2022-10-30,168
2022-10-31,184
2022-11-01,201
2022-11-02,204
2022-11-03,184
2022-11-04,194
2022-11-05,190
2022-11-06,198
2022-11-07,191
2022-11-08,208
2022-11-09,187
2022-11-10,168
2022-11-11,177
2022-11-12,188
2022-11-13,188
2022-11-14,182
2022-11-15,174
2022-11-16,186
2022-11-17,182
2022-11-18,181
2022-11-19,172
2022-11-20,171
2022-11-21,177
2022-11-22,180
2022-11-23,181
2022-11-24,175
2022-11-25,194
2022-11-26,184
2022-11-27,188
2022-11-28,189
2022-11-29,189
2022-11-30,200
2022-12-01,195
2022-12-02,179
2022-12-03,192
2022-12-04,193
2022-12-05,179
2022-12-06,180
2022-12-07,176
2022-12-08,174
2022-12-09,186
2022-12-10,178
2022-12-11,181
2022-12-12,177
2022-12-13,190
2022-12-14,199
2022-12-15,202
2022-12-16,199
2022-12-17,195
2022-12-18,198
2022-12-19,182
2022-12-20,188
2022-12-21,179
2022-12-22,187
2022-12-23,195
2022-12-24,172
2022-12-25,177
2022-12-26,160
2022-12-27,162
2022-12-28,175
2022-12-29,165
2022-12-30,187
2022-12-31,197
2023-01-01,215
2023-01-02,181
2023-01-03,184
2023-01-04,170
2023-01-05,167
2023-01-06,161
2023-01-07,163
2023-01-08,167
2023-01-09,164
2023-01-10,157
2023-01-11,158
2023-01-12,143
2023-01-13,155
2023-01-14,159
2023-01-15,154
2023-01-16,169
2023-01-17,178
2023-01-18,176
2023-01-19,163
2023-01-20,179
2023-01-21,181
2023-01-22,162
2023-01-23,166
2023-01-24,164
2023-01-25,170
2023-01-26,177
2023-01-27,164
2023-01-28,168
2023-01-29,164
2023-01-30,153
2023-01-31,155
2023-02-01,158
2023-02-02,166
2023-02-03,201
2023-02-04,169
2023-02-05,162
2023-02-06,171
2023-02-07,172
2023-02-08,173
2023-02-09,174
2023-02-10,176
2023-02-11,182
2023-02-12,181
2023-02-13,182
2023-02-14,170
2023-02-15,165
2023-02-16,155
2023-02-17,161
2023-02-18,169
2023-02-19,150
2023-02-20,167
2023-02-21,185
2023-02-22,179
2023-02-23,176
2023-02-24,185
2023-02-25,184
2023-02-26,184
2023-02-27,187
2023-02-28,171
2023-03-01,174
2023-03-02,163
2023-03-03,156
2023-03-04,163
2023-03-05,177
2023-03-06,167
2023-03-07,163
2023-03-08,167
2023-03-09,179
2023-03-10,176
2023-03-11,175
2023-03-12,171
2023-03-13,173
2023-03-14,184
2023-03-15,187
2023-03-16,161
2023-03-17,167
2023-03-18,181
2023-03-19,179
2023-03-20,176
2023-03-21,174
2023-03-22,188
2023-03-23,191
2023-03-24,192
2023-03-25,205
2023-03-26,197
2023-03-27,199
2023-03-28,195
2023-03-29,199
2023-03-30,196
2023-03-31,196
2023-04-01,191
2023-04-02,185
2023-04-03,186
2023-04-04,184
2023-04-05,176
2023-04-06,174
2023-04-07,178
2023-04-08,184
2023-04-09,178
2023-04-10,188
2023-04-11,189
2023-04-12,180
2023-04-13,191
2023-04-14,205
2023-04-15,207
2023-04-16,206
2023-04-17,212
2023-04-18,209
2023-04-19,206
2023-04-20,194
2023-04-21,209
2023-04-22,214
2023-04-23,213
2023-04-24,211
2023-04-25,212
2023-04-26,200
2023-04-27,212
2023-04-28,204
2023-04-29,212
2023-04-30,202
2023-05-01,193
2023-05-02,205
2023-05-03,194
2023-05-04,184
2023-05-05,193
2023-05-06,199
2023-05-07,207
2023-05-08,217
2023-05-09,216
2023-05-10,225
2023-05-11,227
2023-05-12,222
2023-05-13,224
2023-05-14,224
2023-05-15,224
2023-05-16,225
2023-05-17,228
2023-05-18,226
2023-05-19,224
2023-05-20,213
2023-05-21,217
2023-05-22,211
2023-05-23,221
2023-05-24,227
2023-05-25,227
2023-05-26,223
2023-05-27,213
2023-05-28,209
2023-05-29,210
2023-05-30,224
2023-05-31,224
2023-06-01,202
2023-06-02,189
2023-06-03,199
2023-06-04,194
2023-06-05,180
2023-06-06,190
2023-06-07,193
2023-06-08,198
2023-06-09,210
2023-06-10,215
2023-06-11,208
2023-06-12,206
2023-06-13,208
2023-06-14,217
2023-06-15,214
2023-06-16,209
2023-06-17,233
2023-06-18,223
2023-06-19,211
2023-06-20,210
2023-06-21,214
2023-06-22,194
2023-06-23,189
2023-06-24,207
2023-06-25,197
2023-06-26,198
2023-06-27,204
2023-06-28,210
2023-06-29,211
2023-06-30,210
2023-07-01,207
2023-07-02,217
2023-07-03,214
2023-07-04,195
2023-07-05,192
2023-07-06,200
2023-07-07,203
2023-07-08,209
2023-07-09,206
2023-07-10,197
2023-07-11,207
2023-07-12,214
2023-07-13,209
2023-07-14,205
2023-07-15,204
2023-07-16,209
2023-07-17,204
2023-07-18,208
2023-07-19,206
2023-07-20,187
2023-07-21,189
2023-07-22,199
2023-07-23,194
2023-07-24,177
2023-07-25,185
2023-07-26,196
2023-07-27,199
2023-07-28,209
2023-07-29,212
2023-07-30,202
2023-07-31,211
2023-08-01,221
2023-08-02,221
2023-08-03,210
2023-08-04,224
2023-08-05,224
2023-08-06,226
2023-08-07,224
2023-08-08,236
2023-08-09,236
2023-08-10,238
2023-08-11,226
2023-08-12,219
2023-08-13,209
2023-08-14,210
2023-08-15,204
2023-08-16,204
2023-08-17,206
2023-08-18,208
2023-08-19,211
2023-08-20,205
2023-08-21,212
2023-08-22,205
2023-08-23,202
2023-08-24,204
2023-08-25,213
2023-08-26,219
2023-08-27,215
2023-08-28,203
2023-08-29,206
2023-08-30,219
2023-08-31,203
2023-09-01,221
2023-09-02,231
2023-09-03,230
2023-09-04,230
2023-09-05,235
2023-09-06,233
2023-09-07,233
2023-09-08,230
2023-09-09,216
2023-09-10,222
2023-09-11,219
2023-09-12,225
2023-09-13,215
2023-09-14,159
2023-09-15,194
2023-09-16,206
2023-09-17,216
2023-09-18,216
2023-09-19,206
2023-09-20,213
2023-09-21,194
2023-09-22,206
2023-09-23,211
2023-09-24,216
2023-09-25,217
2023-09-26,210
2023-09-27,212
2023-09-28,214
2023-09-29,219
2023-09-30,224
2023-10-01,220
2023-10-02,223
2023-10-03,228
2023-10-04,230
2023-10-05,232
2023-10-06,222
2023-10-07,219
2023-10-08,214
2023-10-09,213
2023-10-10,216
2023-10-11,199
2023-10-12,202
2023-10-13,209
2023-10-14,208
2023-10-15,207
2023-10-16,209
2023-10-17,198
2023-10-18,209
2023-10-19,215
2023-10-20,206
2023-10-21,207
2023-10-22,211
2023-10-23,201
2023-10-24,203
2023-10-25,217
2023-10-26,215
2023-10-27,222
2023-10-28,208
2023-10-29,215
2023-10-30,220
2023-10-31,199
2023-11-01,205
2023-11-02,216
2023-11-03,214
2023-11-04,218
2023-11-05,212
2023-11-06,212
2023-11-07,217
2023-11-08,210
2023-11-09,199
2023-11-10,208
2023-11-11,215
2023-11-12,199
2023-11-13,217
2023-11-14,217
2023-11-15,211
2023-11-16,206
2023-11-17,196
2023-11-18,198
2023-11-19,174
2023-11-20,179
2023-11-21,198
2023-11-22,193
2023-11-23,199
2023-11-24,213
2023-11-25,199
2023-11-26,204
2023-11-27,208
2023-11-28,215
2023-11-29,203
2023-11-30,211
2023-12-01,214
2023-12-02,211
2023-12-03,205
2023-12-04,205
2023-12-05,196
2023-12-06,205
2023-12-07,193
2023-12-08,197
2023-12-09,203
2023-12-10,211
2023-12-11,201
2023-12-12,202
2023-12-13,194
2023-12-14,185
2023-12-15,202
2023-12-16,218
2023-12-17,218
2023-12-18,204
2023-12-19,196
2023-12-20,201
2023-12-21,202
2023-12-22,213
2023-12-23,210
2023-12-24,212
2023-12-25,218
2023-12-26,198
2023-12-27,205
2023-12-28,207
2023-12-29,213
2023-12-30,217
2023-12-31,219
2024-01-01,256
2024-01-02,227
2024-01-03,222
2024-01-04,224
2024-01-05,226
2024-01-06,221
2024-01-07,221
2024-01-08,216
2024-01-09,223
2024-01-10,223
2024-01-11,227
2024-01-12,217
2024-01-13,179
2024-01-14,178
2024-01-15,192
2024-01-16,202
2024-01-17,200
2024-01-18,198
2024-01-19,206
2024-01-20,213
2024-01-21,217
2024-01-22,218
2024-01-23,201
2024-01-24,205
2024-01-25,207
2024-01-26,202
2024-01-27,196
2024-01-28,192
2024-01-29,188
2024-01-30,192
2024-01-31,192
2024-02-01,195
2024-02-02,198
2024-02-03,203
2024-02-04,200
2024-02-05,195
2024-02-06,199
2024-02-07,189
2024-02-08,192
2024-02-09,196
2024-02-10,195
2024-02-11,196
2024-02-12,185
2024-02-13,178
2024-02-14,179
2024-02-15,187
2024-02-16,186
2024-02-17,181
2024-02-18,205
2024-02-19,190
2024-02-20,211
2024-02-21,216
2024-02-22,209
2024-02-23,221
2024-02-24,223
2024-02-25,226
2024-02-26,216
2024-02-27,208
2024-02-28,211
2024-02-29,217
2024-03-01,200
2024-03-02,194
2024-03-03,193
2024-03-04,191
2024-03-05,199
2024-03-06,215
2024-03-07,220
2024-03-08,218
2024-03-09,224
2024-03-10,211
2024-03-11,215
2024-03-12,223
2024-03-13,219
2024-03-14,210
2024-03-15,204
2024-03-16,211
2024-03-17,195
2024-03-18,187
2024-03-19,177
2024-03-20,181
2024-03-21,188
2024-03-22,199
2024-03-23,201
2024-03-24,209
2024-03-25,194
2024-03-26,212
2024-03-27,226
2024-03-28,235
2024-03-29,218
2024-03-30,213
2024-03-31,226
2024-04-01,235
2024-04-02,231
2024-04-03,233
2024-04-04,232
2024-04-05,242
2024-04-06,232
2024-04-07,233
2024-04-08,217
2024-04-09,194
2024-04-10,210
2024-04-11,212
2024-04-12,214
2024-04-13,228
2024-04-14,231
2024-04-15,226
2024-04-16,233
2024-04-17,232
2024-04-18,231
2024-04-19,236
2024-04-20,227
2024-04-21,235
2024-04-22,227
2024-04-23,235
2024-04-24,241
2024-04-25,231
2024-04-26,235
2024-04-27,250
2024-04-28,250
2024-04-29,240
2024-04-30,238
2024-05-01,235
2024-05-02,223
2024-05-03,220
2024-05-04,223
2024-05-05,237
2024-05-06,251
2024-05-07,240
2024-05-08,239
2024-05-09,237
2024-05-10,246
2024-05-11,236
2024-05-12,250
2024-05-13,262
2024-05-14,260
2024-05-15,256
2024-05-16,255
2024-05-17,254
2024-05-18,259
2024-05-19,258
2024-05-20,260
2024-05-21,265
2024-05-22,261
2024-05-23,253
2024-05-24,265
2024-05-25,204
2024-05-26,237
2024-05-27,253
2024-05-28,257
2024-05-29,259
2024-05-30,255
2024-05-31,243
2024-06-01,265
2024-06-02,246
2024-06-03,248
2024-06-04,239
2024-06-05,241
2024-06-06,226
2024-06-07,209
2024-06-08,224
2024-06-09,219
2024-06-10,214
2024-06-11,192
2024-06-12,202
2024-06-13,214
2024-06-14,216
2024-06-15,212
2024-06-16,224
2024-06-17,208
2024-06-18,193
2024-06-19,207
2024-06-20,184
2024-06-21,189
2024-06-22,199
2024-06-23,209
2024-06-24,202
2024-06-25,190
2024-06-26,206
2024-06-27,184
2024-06-28,197
2024-06-29,209
2024-06-30,198
2024-07-01,195
2024-07-02,205
2024-07-03,196
2024-07-04,205
2024-07-05,182
2024-07-06,193
2024-07-07,193
2024-07-08,197
2024-07-09,186
2024-07-10,198
2024-07-11,201
2024-07-12,198
2024-07-13,194
2024-07-14,197
2024-07-15,186
2024-07-16,192
2024-07-17,179
2024-07-18,169
2024-07-19,176
2024-07-20,197
2024-07-21,199
2024-07-22,205
2024-07-23,214
2024-07-24,205
2024-07-25,213
2024-07-26,220
2024-07-27,223
2024-07-28,189
2024-07-29,190
2024-07-30,211
2024-07-31,216
2024-08-01,203
2024-08-02,216
2024-08-03,214
2024-08-04,212
2024-08-05,204
2024-08-06,208
2024-08-07,227
2024-08-08,231
2024-08-09,233
2024-08-10,239
2024-08-11,235
2024-08-12,224
2024-08-13,232
2024-08-14,222
2024-08-15,236
2024-08-16,229
2024-08-17,233
2024-08-18,233
2024-08-19,230
2024-08-20,222
2024-08-21,233
2024-08-22,239
2024-08-23,236
2024-08-24,235
2024-08-25,237
2024-08-26,213
2024-08-27,234
2024-08-28,242
2024-08-29,244
2024-08-30,255
2024-08-31,250
2024-09-01,226
2024-09-02,214
2024-09-03,223
2024-09-04,241
2024-09-05,244
2024-09-06,247
2024-09-07,263
2024-09-08,250
2024-09-09,256
2024-09-10,250
2024-09-11,252
2024-09-12,251
2024-09-13,236
2024-09-14,240
2024-09-15,228
2024-09-16,227
2024-09-17,231
2024-09-18,227
2024-09-19,231
2024-09-20,241
2024-09-21,228
2024-09-22,236
2024-09-23,226
2024-09-24,238
2024-09-25,231
2024-09-26,213
2024-09-27,227
2024-09-28,242
2024-09-29,255
2024-09-30,251
2024-10-01,252
2024-10-02,244
2024-10-03,239
2024-10-04,236
2024-10-05,223
2024-10-06,221
2024-10-07,219
2024-10-08,235
2024-10-09,244
2024-10-10,244
2024-10-11,243
2024-10-12,242
2024-10-13,248
2024-10-14,243
2024-10-15,239
2024-10-16,238
2024-10-17,233
2024-10-18,236
2024-10-19,241
2024-10-20,232
2024-10-21,234
2024-10-22,190
2024-10-23,155
2024-10-24,187
2024-10-25,213
2024-10-26,214
2024-10-27,221
2024-10-28,226
2024-10-29,235
2024-10-30,203
2024-10-31,224
2024-11-01,235
2024-11-02,221
2024-11-03,226
2024-11-04,220
2024-11-05,220
2024-11-06,217
2024-11-07,233
2024-11-08,228
2024-11-09,236
2024-11-10,238
2024-11-11,230
2024-11-12,246
2024-11-13,240
2024-11-14,224
2024-11-15,236
2024-11-16,239
2024-11-17,219
2024-11-18,232
2024-11-19,238
2024-11-20,231
2024-11-21,236
2024-11-22,236
2024-11-23,233
2024-11-24,228
2024-11-25,224
2024-11-26,228
2024-11-27,231
2024-11-28,232
2024-11-29,230
2024-11-30,229
2024-12-01,213
2024-12-02,206
2024-12-03,217
2024-12-04,226
2024-12-05,231
2024-12-06,230
2024-12-07,239
2024-12-08,217
2024-12-09,197
2024-12-10,210
2024-12-11,220
2024-12-12,208
2024-12-13,230
2024-12-14,223
2024-12-15,229
2024-12-16,223
2024-12-17,209
2024-12-18,195
2024-12-19,200
2024-12-20,211
2024-12-21,206
2024-12-22,214
2024-12-23,224
2024-12-24,221
2024-12-25,234
2024-12-26,219
2024-12-27,221
2024-12-28,209
2024-12-29,208
2024-12-30,205
2024-12-31,220
